TRBV7-1,rs1170353821,7,142032391,142032391,A,AAC,frameshift_variant,22.6,0.304,0.059,4.74695E-08,-
TRBV7-8,"rs1583142192,rs752460700",7,142099588,142099588,C,CACTG,frameshift_variant,19.1,0.351,0.005,2.62629E-15,0.001485
TRBV7-8,"rs1583142201,rs758031370",7,142099590,142099590,T,TG,frameshift_variant,23.1,0.351,0.005,2.62629E-15,0.0005903
TRBV7-8,"rs1583142215,rs763698275",7,142099593,142099595,TTC,T,frameshift_variant,15.4,0.236,0.005,1.45773E-10,0.0002649
TRBV7-7,rs1463284969,7,142119876,142119877,CG,C,frameshift_variant,16.4,0.500,0.011,9.75076E-21,-
TRBV7-7,rs1461692463,7,142119879,142119879,C,CCA,frameshift_variant,23.5,0.500,0.016,4.42527E-20,-
TRBV7-7,rs1163453604,7,142119881,142119882,GA,G,frameshift_variant,22.2,0.500,0.016,4.42527E-20,-
TRBV7-6,rs1414820805,7,142139334,142139335,CG,C,frameshift_variant,16.9,0.500,0.075,4.40839E-14,-
TRBV7-6,rs1440315119,7,142139337,142139337,C,CCA,frameshift_variant,25.0,0.500,0.075,4.40839E-14,-
TRBV7-6,rs1180782962,7,142139339,142139340,GA,G,frameshift_variant,21.6,0.500,0.075,4.40839E-14,-
TRBV6-7,rs370318841,7,142143721,142143723,TCC,T,frameshift_variant,23.5,0.365,0.070,1.82989E-09,0.0006245
TRBV5-5,rs747286228,7,142148969,142148969,A,T,stop_gained,23.2,0.500,0.134,8.26204E-10,0.005653
TRBV6-5,rs373875376,7,142180584,142180586,TCC,T,frameshift_variant,22.7,0.500,0.113,3.34905E-11,0.0483
TRBV6-5,rs775454437,7,142180591,142180593,TGG,T,frameshift_variant,22.3,0.500,0.113,3.34905E-11,0.06632
TRBV6-5,rs761774365,7,142180593,142180593,G,GTTTT,frameshift_variant,22.8,0.500,0.113,3.34905E-11,0.07904
TRBV10-1,rs17249,7,142231625,142231625,C,A,stop_gained,35.0,0.480,0.145,1.5867E-08,0.4667
TRBV10-1,rs999255927,7,142231780,142231780,C,T,stop_gained,29.5,0.500,0.129,3.84216E-10,-
TRBV10-1,rs1395412038,7,142231793,142231793,A,AT,frameshift_variant,22.8,0.500,0.118,7.74139E-11,-
TRBV10-1,rs1364171206,7,142231796,142231798,CCA,C,frameshift_variant,22.7,0.500,0.118,7.74139E-11,-
TRBV10-1,rs1215288016,7,142231800,142231800,G,GA,frameshift_variant,22.1,0.500,0.113,3.34905E-11,-
TRBV10-1,rs1296143203,7,142231805,142231805,C,CTG,frameshift_variant,16.0,0.500,0.113,3.34905E-11,-
TRBV10-1,rs1216496208,7,142231808,142231810,GCC,G,frameshift_variant,18.3,0.500,0.108,1.41216E-11,-
TRBV7-3,rs764426432,7,142247529,142247531,GGC,G,frameshift_variant,21.4,0.500,0.091,8.99976E-13,0.000009242
TRBV7-3,rs751581456,7,142247535,142247535,G,GAA,frameshift_variant,20.6,0.500,0.091,8.99976E-13,0.000009324
TRBV7-3,rs757429570,7,142247538,142247540,CTG,C,frameshift_variant,12.0,0.493,0.054,9.21051E-16,0.00002771
TRBV7-3,rs781428044,7,142247541,142247541,C,CAT,frameshift_variant,19.5,0.493,0.059,2.96063E-15,0.00003717
TRBV30,rs17267,7,142510446,142510446,G,A,stop_gained,38.0,0.351,0.059,8.27473E-10,0.2487
